{"train epoch loss": 0.8424169778823852, "validation epoch loss": 0.8958115577697754, "test epoch loss": 0.98845907052358, "_timestamp": 1715166043.9121222, "_runtime": 484.89254236221313, "_step": 11}